<rdf:RDF
 xmlns:dc="http://purl.org/dc/elements/1.1/"
 xmlns:vann="http://purl.org/vocab/vann/"
 xmlns:owl="http://www.w3.org/2002/07/owl#"
 xmlns:rdf="http://www.w3.org/1999/02/22-rdf-syntax-ns#"
 xmlns:rdfs="http://www.w3.org/2000/01/rdf-schema#"
 xmlns:dcterms="http://purl.org/dc/terms/"
 xmlns:vs="http://www.w3.org/2003/06/sw-vocab-status/ns#"
>
<owl:Ontology rdf:about="http://purl.org/iot/ontology/nameOnto#">
	<owl:versionInfo>1.0</owl:versionInfo>
	<vs:term_status>Work in progress</vs:term_status>
	<dcterms:modified rdf:datatype="http://www.w3.org/2001/XMLSchema#date">2018-02-16</dcterms:modified>
	<dcterms:issued rdf:datatype="http://www.w3.org/2001/XMLSchema#date">2018-02-16</dcterms:issued>
	<dc:title xml:lang="en">Name of your ontology Ontology</dc:title>
	<dc:description rdf:resource="http://www.pathexample/image.png"/>
	<rdfs:label rdf:datatype="http://www.w3.org/2001/XMLSchema#string">
		Find a nice name for your ontology
	</rdfs:label>
	<rdfs:comment xml:lang="en">
		Description of your ontology is important for automatic, visualization documentation, etc.
	</rdfs:comment>
	<dc:creator xml:lang="en">XXX, Knoesis, USA</dc:creator>
	<dc:contributor xml:lang="en">XXX, Knoesis, USA</dc:contributor>
	<dc:description xml:lang="en">Describe the ontology</dc:description>
	<vann:preferredNamespaceUri>http://purl.org/iot/ontology/nameOnto#</vann:preferredNamespaceUri>
	<vann:preferredNamespacePrefix>sFind a short prefix for your ontology</vann:preferredNamespacePrefix>
	<dc:rights>Copyright - What is the license for your ontology</dc:rights>	
	<dcterms:bibliographicCitation xml:lang="en">
		Citation of the paper describing your ontology
	</dcterms:bibliographicCitation>
</owl:Ontology>
</rdf:RDF>

